cell_id,method,dataset,seed,test_accuracy,train_accuracy,val_accuracy,final_test_phi,sleep_ratio,decay_rate,num_steps,check_sleep_interval,elapsed_s,returncode
0,none,mnist,42,0.04,0.1175,0.075,,0.0,,100,3500,1385.927272,0
1,none,mnist,43,0.085,0.125,0.07,,0.0,,100,3500,1388.056885,0
2,none,mnist,44,0.115,0.12625,0.09,,0.0,,100,3500,1371.166325,0
3,none,mnist,45,0.14,0.11625,0.095,,0.0,,100,3500,1393.399426,0
4,none,mnist,46,0.12,0.1175,0.075,,0.0,,100,3500,1427.688221,0
5,none,fmnist,42,0.08,0.115,0.065,,0.0,,100,3500,1379.146551,0
6,none,fmnist,43,0.065,0.11625,0.08,,0.0,,100,3500,1368.554575,0
7,none,fmnist,44,0.07,0.115,0.125,,0.0,,100,3500,1361.259151,0
8,none,fmnist,45,0.08,0.11625,0.12,,0.0,,100,3500,1353.855631,0
9,none,fmnist,46,0.105,0.14125,0.11,,0.0,,100,3500,1366.19611,0
10,none,kmnist,42,0.105,0.10875,0.09,,0.0,,100,3500,1301.126909,0
11,none,kmnist,43,0.1,0.115,0.1,,0.0,,100,3500,1362.206394,0
12,none,kmnist,44,0.125,0.12375,0.105,,0.0,,100,3500,1335.398669,0
13,none,kmnist,45,0.085,0.12625,0.085,,0.0,,100,3500,1315.081576,0
14,none,kmnist,46,0.11,0.12875,0.1,,0.0,,100,3500,1338.459906,0
15,none,notmnist,42,0.09,0.11875,0.095,,0.0,,100,3500,980.961188,0
16,none,notmnist,43,0.075,0.115,0.095,,0.0,,100,3500,1069.179243,0
17,none,notmnist,44,0.075,0.1175,0.1,,0.0,,100,3500,977.735868,0
18,none,notmnist,45,0.12,0.11125,0.08,,0.0,,100,3500,970.826285,0
19,none,notmnist,46,0.115,0.11375,0.135,,0.0,,100,3500,970.077536,0
20,sleep,mnist,42,0.74,1.0,0.74,,0.3,,100,3500,1196.500545,0
21,sleep,mnist,43,0.765,1.0,0.73,,0.3,,100,3500,1263.961957,0
22,sleep,mnist,44,0.77,1.0,0.765,,0.3,,100,3500,1203.954952,0
23,sleep,mnist,45,0.775,1.0,0.745,,0.3,,100,3500,1224.999915,0
24,sleep,mnist,46,0.765,1.0,0.74,,0.3,,100,3500,1222.674815,0
25,sleep,fmnist,42,0.65,0.995,0.63,,0.3,,100,3500,1179.241289,0
26,sleep,fmnist,43,0.66,0.99625,0.59,,0.3,,100,3500,1254.001008,0
27,sleep,fmnist,44,0.565,0.9975,0.615,,0.3,,100,3500,1220.463839,0
28,sleep,fmnist,45,0.635,0.99875,0.62,,0.3,,100,3500,1141.671149,0
29,sleep,fmnist,46,0.68,0.9975,0.63,,0.3,,100,3500,1297.135248,0
30,sleep,kmnist,42,0.52,0.99875,0.545,,0.3,,100,3500,1315.836335,0
31,sleep,kmnist,43,0.545,0.99875,0.495,,0.3,,100,3500,1289.553128,0
32,sleep,kmnist,44,0.525,0.9975,0.545,,0.3,,100,3500,1277.456995,0
33,sleep,kmnist,45,0.545,1.0,0.53,,0.3,,100,3500,1361.473249,0
34,sleep,kmnist,46,0.555,0.9975,0.58,,0.3,,100,3500,1404.020681,0
35,sleep,notmnist,42,0.685,1.0,0.685,,0.3,,100,3500,1490.676611,0
36,sleep,notmnist,43,0.715,1.0,0.715,,0.3,,100,3500,1581.456758,0
37,sleep,notmnist,44,0.675,1.0,0.665,,0.3,,100,3500,1505.246479,0
38,sleep,notmnist,45,0.7,1.0,0.68,,0.3,,100,3500,1570.991365,0
39,sleep,notmnist,46,0.75,1.0,0.65,,0.3,,100,3500,1667.955136,0
40,decay,mnist,42,0.04,0.12375,0.115,,0.0,1e-05,100,3500,1235.557305,0
41,decay,mnist,43,0.095,0.135,0.11,,0.0,1e-05,100,3500,1288.852225,0
42,decay,mnist,44,0.69,0.76625,0.705,,0.0,1e-05,100,3500,1278.252348,0
43,decay,mnist,45,0.75,0.815,0.785,,0.0,1e-05,100,3500,1248.487696,0
44,decay,mnist,46,0.63,0.63875,0.595,,0.0,1e-05,100,3500,1255.634617,0
45,decay,fmnist,42,0.09,0.145,0.095,,0.0,1e-05,100,3500,1350.766425,0
46,decay,fmnist,43,0.075,0.12625,0.095,,0.0,1e-05,100,3500,1342.293064,0
47,decay,fmnist,44,0.1,0.13375,0.11,,0.0,1e-05,100,3500,1326.132758,0
48,decay,fmnist,45,0.105,0.115,0.095,,0.0,1e-05,100,3500,1405.642427,0
49,decay,fmnist,46,0.08,0.15125,0.105,,0.0,1e-05,100,3500,1317.121109,0
50,decay,kmnist,42,0.535,0.62125,0.565,,0.0,1e-05,100,3500,1228.359257,0
51,decay,kmnist,43,0.505,0.6175,0.48,,0.0,1e-05,100,3500,1193.109247,0
52,decay,kmnist,44,0.435,0.5725,0.505,,0.0,1e-05,100,3500,1197.110652,0
53,decay,kmnist,45,0.45,0.55375,0.42,,0.0,1e-05,100,3500,1187.848743,0
54,decay,kmnist,46,0.515,0.6025,0.515,,0.0,1e-05,100,3500,1179.518075,0
55,decay,notmnist,42,0.645,0.9,0.68,,0.0,1e-05,100,3500,1184.02766,0
56,decay,notmnist,43,0.69,0.87625,0.63,,0.0,1e-05,100,3500,1175.245274,0
57,decay,notmnist,44,0.075,0.1175,0.075,,0.0,1e-05,100,3500,1173.266245,0
58,decay,notmnist,45,0.105,0.12125,0.11,,0.0,1e-05,100,3500,1164.031003,0
59,decay,notmnist,46,0.715,0.825,0.65,,0.0,1e-05,100,3500,1113.513771,0
60,norm_layer,mnist,42,0.75,0.97625,0.71,,0.0,,100,3500,1417.546587,0
61,norm_layer,mnist,43,0.71,0.985,0.635,,0.0,,100,3500,1407.276469,0
62,norm_layer,mnist,44,0.7,0.9925,0.69,,0.0,,100,3500,1384.402208,0
63,norm_layer,mnist,45,0.725,0.99375,0.73,,0.0,,100,3500,1331.623255,0
64,norm_layer,mnist,46,0.705,0.985,0.665,,0.0,,100,3500,1310.618691,0
65,norm_layer,fmnist,42,0.565,0.9225,0.525,,0.0,,100,3500,1250.126911,0
66,norm_layer,fmnist,43,0.5,0.92875,0.57,,0.0,,100,3500,1252.655858,0
67,norm_layer,fmnist,44,0.51,0.95,0.505,,0.0,,100,3500,1228.058302,0
68,norm_layer,fmnist,45,0.575,0.94,0.555,,0.0,,100,3500,1243.036757,0
69,norm_layer,fmnist,46,0.57,0.9375,0.49,,0.0,,100,3500,1225.9191,0
70,norm_layer,kmnist,42,0.54,0.85625,0.475,,0.0,,100,3500,1213.279537,0
71,norm_layer,kmnist,43,0.55,0.84875,0.53,,0.0,,100,3500,1234.814709,0
72,norm_layer,kmnist,44,0.475,0.87125,0.51,,0.0,,100,3500,1227.311709,0
73,norm_layer,kmnist,45,0.485,0.86875,0.475,,0.0,,100,3500,1208.400789,0
74,norm_layer,kmnist,46,0.47,0.86625,0.455,,0.0,,100,3500,1208.729711,0
75,norm_layer,notmnist,42,0.62,0.99875,0.59,,0.0,,100,3500,1298.531306,0
76,norm_layer,notmnist,43,0.63,0.9975,0.64,,0.0,,100,3500,1292.266932,0
77,norm_layer,notmnist,44,0.595,0.99,0.63,,0.0,,100,3500,1298.867307,0
78,norm_layer,notmnist,45,0.66,0.9875,0.605,,0.0,,100,3500,1359.615559,0
79,norm_layer,notmnist,46,0.635,0.99125,0.595,,0.0,,100,3500,1352.693563,0
80,norm_neuron,mnist,42,0.68,1.0,0.695,,0.0,,100,3500,1227.553155,0
81,norm_neuron,mnist,43,0.7,1.0,0.685,,0.0,,100,3500,1256.534499,0
82,norm_neuron,mnist,44,0.71,1.0,0.76,,0.0,,100,3500,1225.510661,0
83,norm_neuron,mnist,45,0.775,1.0,0.725,,0.0,,100,3500,1229.014176,0
84,norm_neuron,mnist,46,0.75,1.0,0.72,,0.0,,100,3500,1214.087658,0
85,norm_neuron,fmnist,42,0.49,0.9975,0.525,,0.0,,100,3500,1217.479277,0
86,norm_neuron,fmnist,43,0.525,0.99875,0.505,,0.0,,100,3500,1226.167233,0
87,norm_neuron,fmnist,44,0.49,0.9975,0.57,,0.0,,100,3500,1194.959839,0
88,norm_neuron,fmnist,45,0.55,0.99875,0.55,,0.0,,100,3500,1198.459162,0
89,norm_neuron,fmnist,46,0.55,0.99875,0.57,,0.0,,100,3500,1134.502667,0
90,norm_neuron,kmnist,42,0.555,0.995,0.51,,0.0,,100,3500,843.860937,0
91,norm_neuron,kmnist,43,0.525,0.99,0.455,,0.0,,100,3500,840.320335,0
92,norm_neuron,kmnist,44,0.555,0.99,0.55,,0.0,,100,3500,843.105384,0
93,norm_neuron,kmnist,45,0.49,0.99625,0.535,,0.0,,100,3500,728.862642,0
94,norm_neuron,kmnist,46,0.485,0.99625,0.545,,0.0,,100,3500,639.759758,0
95,norm_neuron,notmnist,42,0.615,1.0,0.665,,0.0,,100,3500,587.117708,0
96,norm_neuron,notmnist,43,0.63,1.0,0.655,,0.0,,100,3500,574.387611,0
97,norm_neuron,notmnist,44,0.615,1.0,0.56,,0.0,,100,3500,563.685475,0
98,norm_neuron,notmnist,45,0.635,1.0,0.615,,0.0,,100,3500,563.791583,0
99,norm_neuron,notmnist,46,0.66,1.0,0.595,,0.0,,100,3500,542.449138,0
