cell_id,code,dataset,seed,downscale,noise,stdp,suppress,test_accuracy,train_accuracy,val_accuracy,final_test_phi,sleep_rate,elapsed_s,returncode
0,none,mnist,42,False,False,False,False,0.04,0.1175,0.075,,0.0,836.691443,0
1,none,mnist,43,False,False,False,False,0.085,0.125,0.07,,0.0,848.777122,0
2,none,mnist,44,False,False,False,False,0.115,0.12625,0.09,,0.0,832.054418,0
3,none,mnist,45,False,False,False,False,0.14,0.11625,0.095,,0.0,844.841413,0
4,none,mnist,46,False,False,False,False,0.12,0.1175,0.075,,0.0,848.828204,0
5,1111,mnist,42,True,True,True,True,0.74,1.0,0.74,,0.3,1250.89965,0
6,1111,mnist,43,True,True,True,True,0.765,1.0,0.73,,0.3,1281.474076,0
7,1111,mnist,44,True,True,True,True,0.77,1.0,0.765,,0.3,1212.392057,0
8,1111,mnist,45,True,True,True,True,0.775,1.0,0.745,,0.3,1217.610007,0
9,1111,mnist,46,True,True,True,True,0.765,1.0,0.74,,0.3,1266.691628,0
10,1110,mnist,42,True,True,True,False,0.775,1.0,0.755,,0.3,1286.976017,0
11,1110,mnist,43,True,True,True,False,0.76,1.0,0.735,,0.3,1312.236848,0
12,1110,mnist,44,True,True,True,False,0.765,1.0,0.765,,0.3,1255.727893,0
13,1110,mnist,45,True,True,True,False,0.755,1.0,0.78,,0.3,1244.116683,0
14,1110,mnist,46,True,True,True,False,0.765,1.0,0.755,,0.3,1208.86029,0
15,1101,mnist,42,True,True,False,True,0.715,1.0,0.745,,0.3,1131.841164,0
16,1101,mnist,43,True,True,False,True,0.745,1.0,0.75,,0.3,1115.844438,0
17,1101,mnist,44,True,True,False,True,0.715,1.0,0.735,,0.3,1012.540457,0
18,1101,mnist,45,True,True,False,True,0.815,1.0,0.76,,0.3,1117.885884,0
19,1101,mnist,46,True,True,False,True,0.73,1.0,0.715,,0.3,1104.004593,0
20,1011,mnist,42,True,False,True,True,0.745,1.0,0.715,,0.3,1129.835565,0
21,1011,mnist,43,True,False,True,True,0.76,1.0,0.765,,0.3,1198.41134,0
22,1011,mnist,44,True,False,True,True,0.775,1.0,0.73,,0.3,1118.881682,0
23,1011,mnist,45,True,False,True,True,0.79,1.0,0.76,,0.3,1129.441634,0
24,1011,mnist,46,True,False,True,True,0.8,1.0,0.73,,0.3,1102.230143,0
25,0111,mnist,42,False,True,True,True,0.04,0.1175,0.075,,0.3,1137.07891,0
26,0111,mnist,43,False,True,True,True,0.085,0.125,0.07,,0.3,1213.57736,0
27,0111,mnist,44,False,True,True,True,0.115,0.12625,0.09,,0.3,1167.896285,0
28,0111,mnist,45,False,True,True,True,0.14,0.11625,0.095,,0.3,1222.911576,0
29,0111,mnist,46,False,True,True,True,0.12,0.1175,0.075,,0.3,1137.594259,0
30,1100,mnist,42,True,True,False,False,0.735,1.0,0.76,,0.3,1132.186236,0
31,1100,mnist,43,True,True,False,False,0.765,1.0,0.725,,0.3,1062.900212,0
32,1100,mnist,44,True,True,False,False,0.74,1.0,0.725,,0.3,1002.125482,0
33,1100,mnist,45,True,True,False,False,0.745,1.0,0.72,,0.3,1018.793094,0
34,1100,mnist,46,True,True,False,False,0.745,1.0,0.75,,0.3,1053.81723,0
35,1010,mnist,42,True,False,True,False,0.735,1.0,0.785,,0.3,1165.943601,0
36,1010,mnist,43,True,False,True,False,0.785,1.0,0.74,,0.3,1235.271469,0
37,1010,mnist,44,True,False,True,False,0.79,1.0,0.775,,0.3,1110.953401,0
38,1010,mnist,45,True,False,True,False,0.73,1.0,0.72,,0.3,1165.18023,0
39,1010,mnist,46,True,False,True,False,0.775,1.0,0.725,,0.3,1167.383048,0
40,1001,mnist,42,True,False,False,True,0.74,1.0,0.735,,0.3,1027.398083,0
41,1001,mnist,43,True,False,False,True,0.755,1.0,0.74,,0.3,1122.279607,0
42,1001,mnist,44,True,False,False,True,0.775,1.0,0.72,,0.3,1043.607993,0
43,1001,mnist,45,True,False,False,True,0.745,1.0,0.785,,0.3,1073.409781,0
44,1001,mnist,46,True,False,False,True,0.78,1.0,0.705,,0.3,1047.730989,0
45,0110,mnist,42,False,True,True,False,0.04,0.1175,0.075,,0.3,1195.734058,0
46,0110,mnist,43,False,True,True,False,0.085,0.125,0.07,,0.3,1297.005196,0
47,0110,mnist,44,False,True,True,False,0.115,0.12625,0.09,,0.3,1108.563647,0
48,0110,mnist,45,False,True,True,False,0.14,0.11625,0.095,,0.3,1177.090395,0
49,0110,mnist,46,False,True,True,False,0.12,0.1175,0.075,,0.3,1204.978927,0
50,0101,mnist,42,False,True,False,True,0.04,0.1175,0.075,,0.3,983.452679,0
51,0101,mnist,43,False,True,False,True,0.085,0.125,0.07,,0.3,964.095048,0
52,0101,mnist,44,False,True,False,True,0.115,0.12625,0.09,,0.3,901.085955,0
53,0101,mnist,45,False,True,False,True,0.14,0.11625,0.095,,0.3,958.430707,0
54,0101,mnist,46,False,True,False,True,0.12,0.1175,0.075,,0.3,885.594843,0
55,0011,mnist,42,False,False,True,True,0.04,0.1175,0.075,,0.3,1080.522347,0
56,0011,mnist,43,False,False,True,True,0.085,0.125,0.07,,0.3,1124.244115,0
57,0011,mnist,44,False,False,True,True,0.115,0.12625,0.09,,0.3,1085.879245,0
58,0011,mnist,45,False,False,True,True,0.14,0.11625,0.095,,0.3,1178.070201,0
59,0011,mnist,46,False,False,True,True,0.12,0.1175,0.075,,0.3,1169.042235,0
60,1000,mnist,42,True,False,False,False,0.725,1.0,0.775,,0.3,1070.494125,0
61,1000,mnist,43,True,False,False,False,0.765,1.0,0.705,,0.3,1089.960838,0
62,1000,mnist,44,True,False,False,False,0.75,1.0,0.725,,0.3,1021.168408,0
63,1000,mnist,45,True,False,False,False,0.785,1.0,0.77,,0.3,1000.986282,0
64,1000,mnist,46,True,False,False,False,0.76,1.0,0.73,,0.3,1032.817786,0
65,0100,mnist,42,False,True,False,False,0.04,0.1175,0.075,,0.3,940.342059,0
66,0100,mnist,43,False,True,False,False,0.085,0.125,0.07,,0.3,962.06773,0
67,0100,mnist,44,False,True,False,False,0.115,0.12625,0.09,,0.3,932.463347,0
68,0100,mnist,45,False,True,False,False,0.14,0.11625,0.095,,0.3,1006.516652,0
69,0100,mnist,46,False,True,False,False,0.12,0.1175,0.075,,0.3,902.825195,0
70,0010,mnist,42,False,False,True,False,0.04,0.1175,0.075,,0.3,1177.91926,0
71,0010,mnist,43,False,False,True,False,0.085,0.125,0.07,,0.3,1283.315132,0
72,0010,mnist,44,False,False,True,False,0.115,0.12625,0.09,,0.3,1146.880995,0
73,0010,mnist,45,False,False,True,False,0.14,0.11625,0.095,,0.3,1102.527041,0
74,0010,mnist,46,False,False,True,False,0.12,0.1175,0.075,,0.3,1206.690187,0
75,0001,mnist,42,False,False,False,True,0.04,0.1175,0.075,,0.3,893.377715,0
76,0001,mnist,43,False,False,False,True,0.085,0.125,0.07,,0.3,1008.117525,0
77,0001,mnist,44,False,False,False,True,0.115,0.12625,0.09,,0.3,998.256292,0
78,0001,mnist,45,False,False,False,True,0.14,0.11625,0.095,,0.3,944.740307,0
79,0001,mnist,46,False,False,False,True,0.12,0.1175,0.075,,0.3,1102.406178,0
80,0000,mnist,42,False,False,False,False,0.04,0.1175,0.075,,0.3,1061.419846,0
81,0000,mnist,43,False,False,False,False,0.085,0.125,0.07,,0.3,1043.287863,0
82,0000,mnist,44,False,False,False,False,0.115,0.12625,0.09,,0.3,1088.62189,0
83,0000,mnist,45,False,False,False,False,0.14,0.11625,0.095,,0.3,1113.780949,0
84,0000,mnist,46,False,False,False,False,0.12,0.1175,0.075,,0.3,1093.527384,0
