"downscale","noise","stdp","suppress","fit","lo","hi","code"
"off","off","off","off",0.527021840192568,0.483833904205718,0.569809137824758,"0000"
"on","off","off","off",0.802054608954414,0.76561342222058,0.834058113649611,"1000"
"off","on","off","off",0.520958519494989,0.477790237612462,0.563816054848033,"0100"
"on","on","off","off",0.800290241701941,0.763745716125929,0.832422266192419,"1100"
"off","off","on","off",0.125332323203103,0.0997058493463725,0.156401105322427,"0010"
"on","off","on","off",0.780184882592413,0.742536363158106,0.813709305518742,"1010"
"off","on","on","off",0.125332324118169,0.0997058502281116,0.156401106229094,"0110"
"on","on","on","off",0.764189843705139,0.725753435145444,0.798733204471713,"1110"
"off","off","off","on",0.566504030265047,0.523345850978539,0.608676426635766,"0001"
"on","off","off","on",0.791911290961794,0.754890540706128,0.824639422927174,"1001"
"off","on","off","on",0.543012169435985,0.499803213897318,0.585583452524464,"0101"
"on","on","off","on",0.805277180236928,0.7690275589562,0.837043187669982,"1101"
"off","off","on","on",0.154597239520142,0.126116812796698,0.188124718402946,"0011"
"on","off","on","on",0.761848859932219,0.723303443844479,0.796535143401652,"1011"
"off","on","on","on",0.125332318511601,0.0997058448256772,0.156401100674079,"0111"
"on","on","on","on",0.763415920424516,0.724943301158532,0.798006701651633,"1111"
