"dataset","sleep_rate","fit","lo","hi"
"fmnist",0,0.080439444368193,0.0674252502989703,0.0957077985211915
"fmnist",0.1,0.603215554933608,0.576340016049342,0.629482243574045
"fmnist",0.2,0.618338927343034,0.591612752186984,0.644367449461535
"fmnist",0.3,0.638179914475364,0.611721103188296,0.66382656846092
"fmnist",0.4,0.596025651244624,0.569057816292607,0.622425617448032
"fmnist",0.5,0.638664282944601,0.612204311723146,0.6643088083334
"fmnist",0.6,0.601511483964284,0.574600386050237,0.627822845790561
"fmnist",0.7,0.598134786408111,0.571211566753681,0.624478866107498
"fmnist",0.8,0.60789529885635,0.581058095474514,0.634095925707146
"fmnist",0.9,0.611229611977804,0.584419542393186,0.637383259659393
"fmnist",1,0.596290795918958,0.569348036372936,0.622665081223937
"kmnist",0,0.105487427723797,0.090485675299383,0.122640968008341
"kmnist",0.1,0.533063429695555,0.505754316180918,0.560175837570915
"kmnist",0.2,0.554911641440066,0.527681541356927,0.58181598287522
"kmnist",0.3,0.537899183958528,0.51062488467008,0.564948509276737
"kmnist",0.4,0.55404073799989,0.526787502294305,0.580972900781732
"kmnist",0.5,0.526117169223834,0.49881385828663,0.553265185663328
"kmnist",0.6,0.530980045089045,0.503686471895949,0.55808953082631
"kmnist",0.7,0.565952881298569,0.538766461712194,0.592748138964943
"kmnist",0.8,0.543947975830052,0.516667310169649,0.570967467897492
"kmnist",0.9,0.552939279076704,0.525685815474664,0.579878281329882
"kmnist",1,0.544099683476679,0.516808540878308,0.571128545228573
"mnist",0,0.0943219204921977,0.0801649724820731,0.110678132789483
"mnist",0.1,0.770673972639987,0.747407046725971,0.792393035473861
"mnist",0.2,0.759276703661609,0.735616596347946,0.781448502562845
"mnist",0.3,0.762428808901211,0.738868936369622,0.784483066832081
"mnist",0.4,0.764539115656832,0.741063578998523,0.786499498092443
"mnist",0.5,0.768755666233029,0.745411970128191,0.790560331771045
"mnist",0.6,0.753719450403083,0.72986397716143,0.776114483804736
"mnist",0.7,0.774277368824318,0.751125412362125,0.795860917974551
"mnist",0.8,0.78251584118575,0.759674641389738,0.803746973418157
"mnist",0.9,0.770851205815128,0.747599557156056,0.79255522645973
"mnist",1,0.778507400246185,0.755510511446295,0.799914049505758
"notmnist",0,0.0945823377953956,0.0804056798084394,0.110956949402731
"notmnist",0.1,0.714713507957074,0.689757779893347,0.738423086260478
"notmnist",0.2,0.680737858066899,0.655019428575829,0.705401293962379
"notmnist",0.3,0.704793005365917,0.679605581261362,0.728790538311409
"notmnist",0.4,0.698945996536743,0.673610121940913,0.723123559049316
"notmnist",0.5,0.691774722028938,0.666269497795474,0.716161113676845
"notmnist",0.6,0.699875008405666,0.674564382622434,0.724022472074552
"notmnist",0.7,0.698592777870508,0.673248527416522,0.722780668109389
"notmnist",0.8,0.678728362294095,0.652962723235946,0.703449833500059
"notmnist",0.9,0.704672315023156,0.679481243192456,0.728674096619111
"notmnist",1,0.663797206252967,0.637741993756685,0.688892601805307
