"sleep_rate","fit","lo","hi"
0,0.4687355425858,0.381513834401699,0.557910279668416
0.1,0.652584424153735,0.566181759700445,0.72998532952825
0.2,0.446813257748616,0.356434000956722,0.540850169158518
0.3,0.302503522317,0.229143059000022,0.387542792774505
0.4,0.404587236918387,0.319442611781043,0.495889968005022
0.5,0.369576684211253,0.288075968712556,0.459260624963133
0.6,0.3043544536522,0.231866951901678,0.388055004982729
0.7,0.245822463804394,0.183488628180399,0.321006913405075
0.8,0.257675206802787,0.192597966449852,0.335601616140482
0.9,0.258472710514914,0.192887336948503,0.337045886466308
1,0.266899958996735,0.199047980365378,0.347836807260307
