"block","sleep_rate","term","estimate","std_error","z","p","sig"
"reference",0,"0\% sleep",-0.125221199499119,0.182608718321752,-0.685735054985067,0.492880196940262,""
"sleep",0.1,"Sleep duration 10\%",0.755640027719182,0.191409121912867,3.94777438069625,7.88810894537318e-05,"***"
"sleep",0.2,"Sleep duration 20\%",-0.0883336950187552,0.19791144967639,-0.446329381969522,0.655359335258648,""
"sleep",0.3,"Sleep duration 30\%",-0.710183342840558,0.198129516848698,-3.58443988627343,0.000337802352919631,"***"
"sleep",0.4,"Sleep duration 40\%",-0.261166305700446,0.19427212082727,-1.34433239616843,0.178840924096246,""
"sleep",0.5,"Sleep duration 50\%",-0.408812070132447,0.194615970654255,-2.10060905463263,0.0356752985513308,"*"
"sleep",0.6,"Sleep duration 60\%",-0.701426070466227,0.194777886514836,-3.60115864802138,0.00031680217584818,"***"
"sleep",0.7,"Sleep duration 70\%",-0.995797016402669,0.195152247205809,-5.10266743355762,3.34899223727982e-07,"***"
"sleep",0.8,"Sleep duration 80\%",-0.93286577108005,0.196743050343256,-4.74154370104807,2.12095894102469e-06,"***"
"sleep",0.9,"Sleep duration 90\%",-0.928700644715313,0.197891104719131,-4.69298832826987,2.69242857316016e-06,"***"
"sleep",1,"Sleep duration 100\%",-0.885187071879115,0.200119288369857,-4.42329711988145,9.72059123948464e-06,"***"
