cell_id,sleep_rate,dataset,seed,test_accuracy,train_accuracy,val_accuracy,final_test_phi,sleep_window,num_steps,check_sleep_interval,sleep_decay_rate,elapsed_s,returncode
0,0.0,mnist,42,0.04,0.1175,0.075,,0,100,3500,,1637.152055,0
1,0.0,mnist,43,0.085,0.125,0.07,,0,100,3500,,1649.924297,0
2,0.0,mnist,44,0.115,0.12625,0.09,,0,100,3500,,1656.936534,0
3,0.0,mnist,45,0.14,0.11625,0.095,,0,100,3500,,1650.668832,0
4,0.0,mnist,46,0.12,0.1175,0.075,,0,100,3500,,1655.844176,0
5,0.0,fmnist,42,0.08,0.115,0.065,,0,100,3500,,1654.938302,0
6,0.0,fmnist,43,0.065,0.11625,0.08,,0,100,3500,,1632.1699,0
7,0.0,fmnist,44,0.07,0.115,0.125,,0,100,3500,,1638.657029,0
8,0.0,fmnist,45,0.08,0.11625,0.12,,0,100,3500,,1631.577494,0
9,0.0,fmnist,46,0.105,0.14125,0.11,,0,100,3500,,1635.329259,0
10,0.0,kmnist,42,0.105,0.10875,0.09,,0,100,3500,,1639.057707,0
11,0.0,kmnist,43,0.1,0.115,0.1,,0,100,3500,,1640.577927,0
12,0.0,kmnist,44,0.125,0.12375,0.105,,0,100,3500,,1635.647399,0
13,0.0,kmnist,45,0.085,0.12625,0.085,,0,100,3500,,1626.603347,0
14,0.0,kmnist,46,0.11,0.12875,0.1,,0,100,3500,,1629.491011,0
15,0.0,notmnist,42,0.09,0.11875,0.095,,0,100,3500,,921.630812,0
16,0.0,notmnist,43,0.075,0.115,0.095,,0,100,3500,,910.923452,0
17,0.0,notmnist,44,0.075,0.1175,0.1,,0,100,3500,,946.739245,0
18,0.0,notmnist,45,0.12,0.11125,0.08,,0,100,3500,,937.450706,0
19,0.0,notmnist,46,0.115,0.11375,0.135,,0,100,3500,,934.128828,0
20,0.1,mnist,42,0.745,1.0,0.715,,350,100,3500,0.9999065053166275,867.547579,0
21,0.1,mnist,43,0.765,1.0,0.76,,350,100,3500,0.9999065053166275,866.165872,0
22,0.1,mnist,44,0.765,1.0,0.745,,350,100,3500,0.9999065053166275,893.567132,0
23,0.1,mnist,45,0.77,1.0,0.735,,350,100,3500,0.9999065053166275,858.225854,0
24,0.1,mnist,46,0.81,1.0,0.76,,350,100,3500,0.9999065053166275,883.569478,0
25,0.1,fmnist,42,0.605,0.99875,0.6,,350,100,3500,0.9999065053166275,843.003956,0
26,0.1,fmnist,43,0.66,1.0,0.655,,350,100,3500,0.9999065053166275,822.438764,0
27,0.1,fmnist,44,0.54,0.9975,0.635,,350,100,3500,0.9999065053166275,826.597917,0
28,0.1,fmnist,45,0.575,1.0,0.59,,350,100,3500,0.9999065053166275,718.336238,0
29,0.1,fmnist,46,0.635,0.98625,0.55,,350,100,3500,0.9999065053166275,826.309742,0
30,0.1,kmnist,42,0.535,1.0,0.585,,350,100,3500,0.9999065053166275,758.450193,0
31,0.1,kmnist,43,0.525,0.9975,0.52,,350,100,3500,0.9999065053166275,741.96798,0
32,0.1,kmnist,44,0.575,0.99,0.545,,350,100,3500,0.9999065053166275,664.308448,0
33,0.1,kmnist,45,0.535,1.0,0.52,,350,100,3500,0.9999065053166275,701.267869,0
34,0.1,kmnist,46,0.495,0.99375,0.52,,350,100,3500,0.9999065053166275,716.423491,0
35,0.1,notmnist,42,0.705,1.0,0.745,,350,100,3500,0.9999065053166275,761.140931,0
36,0.1,notmnist,43,0.735,1.0,0.7,,350,100,3500,0.9999065053166275,753.696991,0
37,0.1,notmnist,44,0.735,1.0,0.675,,350,100,3500,0.9999065053166275,977.781917,0
38,0.1,notmnist,45,0.68,1.0,0.665,,350,100,3500,0.9999065053166275,843.984851,0
39,0.1,notmnist,46,0.72,1.0,0.63,,350,100,3500,0.9999065053166275,836.506296,0
40,0.2,mnist,42,0.7,1.0,0.74,,700,100,3500,0.9999532515656057,911.20399,0
41,0.2,mnist,43,0.765,1.0,0.76,,700,100,3500,0.9999532515656057,912.200225,0
42,0.2,mnist,44,0.775,1.0,0.76,,700,100,3500,0.9999532515656057,871.433608,0
43,0.2,mnist,45,0.785,1.0,0.72,,700,100,3500,0.9999532515656057,841.965713,0
44,0.2,mnist,46,0.77,1.0,0.735,,700,100,3500,0.9999532515656057,884.207559,0
45,0.2,fmnist,42,0.53,0.99625,0.615,,700,100,3500,0.9999532515656057,967.727181,0
46,0.2,fmnist,43,0.655,0.9975,0.675,,700,100,3500,0.9999532515656057,886.82472,0
47,0.2,fmnist,44,0.64,1.0,0.63,,700,100,3500,0.9999532515656057,853.265444,0
48,0.2,fmnist,45,0.64,0.9975,0.625,,700,100,3500,0.9999532515656057,905.443672,0
49,0.2,fmnist,46,0.625,0.995,0.64,,700,100,3500,0.9999532515656057,900.586041,0
50,0.2,kmnist,42,0.525,0.9975,0.51,,700,100,3500,0.9999532515656057,870.272054,0
51,0.2,kmnist,43,0.56,0.995,0.49,,700,100,3500,0.9999532515656057,958.880053,0
52,0.2,kmnist,44,0.58,0.9975,0.545,,700,100,3500,0.9999532515656057,936.466291,0
53,0.2,kmnist,45,0.54,1.0,0.59,,700,100,3500,0.9999532515656057,847.885831,0
54,0.2,kmnist,46,0.57,0.99875,0.455,,700,100,3500,0.9999532515656057,877.667649,0
55,0.2,notmnist,42,0.665,1.0,0.76,,700,100,3500,0.9999532515656057,1026.807211,0
56,0.2,notmnist,43,0.71,1.0,0.7,,700,100,3500,0.9999532515656057,973.757718,0
57,0.2,notmnist,44,0.655,1.0,0.7,,700,100,3500,0.9999532515656057,992.619892,0
58,0.2,notmnist,45,0.66,1.0,0.66,,700,100,3500,0.9999532515656057,1008.122602,0
59,0.2,notmnist,46,0.715,1.0,0.67,,700,100,3500,0.9999532515656057,971.141736,0
60,0.3,mnist,42,0.74,1.0,0.74,,1050,100,3500,0.9999688341342414,1165.408194,0
61,0.3,mnist,43,0.765,1.0,0.73,,1050,100,3500,0.9999688341342414,1163.041918,0
62,0.3,mnist,44,0.77,1.0,0.765,,1050,100,3500,0.9999688341342414,1053.480757,0
63,0.3,mnist,45,0.775,1.0,0.745,,1050,100,3500,0.9999688341342414,1099.315374,0
64,0.3,mnist,46,0.765,1.0,0.74,,1050,100,3500,0.9999688341342414,1074.66947,0
65,0.3,fmnist,42,0.65,0.995,0.63,,1050,100,3500,0.9999688341342414,1178.200747,0
66,0.3,fmnist,43,0.66,0.99625,0.59,,1050,100,3500,0.9999688341342414,1119.890656,0
67,0.3,fmnist,44,0.565,0.9975,0.615,,1050,100,3500,0.9999688341342414,1262.273199,0
68,0.3,fmnist,45,0.635,0.99875,0.62,,1050,100,3500,0.9999688341342414,1069.653917,0
69,0.3,fmnist,46,0.68,0.9975,0.63,,1050,100,3500,0.9999688341342414,1156.133789,0
70,0.3,kmnist,42,0.52,0.99875,0.545,,1050,100,3500,0.9999688341342414,1062.528134,0
71,0.3,kmnist,43,0.545,0.99875,0.495,,1050,100,3500,0.9999688341342414,1103.445796,0
72,0.3,kmnist,44,0.525,0.9975,0.545,,1050,100,3500,0.9999688341342414,1114.192601,0
73,0.3,kmnist,45,0.545,1.0,0.53,,1050,100,3500,0.9999688341342414,1105.57687,0
74,0.3,kmnist,46,0.555,0.9975,0.58,,1050,100,3500,0.9999688341342414,1104.161612,0
75,0.3,notmnist,42,0.685,1.0,0.685,,1050,100,3500,0.9999688341342414,1251.375006,0
76,0.3,notmnist,43,0.715,1.0,0.715,,1050,100,3500,0.9999688341342414,1163.124288,0
77,0.3,notmnist,44,0.675,1.0,0.665,,1050,100,3500,0.9999688341342414,1236.123304,0
78,0.3,notmnist,45,0.7,1.0,0.68,,1050,100,3500,0.9999688341342414,1203.186168,0
79,0.3,notmnist,46,0.75,1.0,0.65,,1050,100,3500,0.9999688341342414,1311.389157,0
80,0.4,mnist,42,0.735,1.0,0.71,,1400,100,3500,0.9999766255096194,1248.404256,0
81,0.4,mnist,43,0.775,1.0,0.75,,1400,100,3500,0.9999766255096194,1408.074626,0
82,0.4,mnist,44,0.75,1.0,0.76,,1400,100,3500,0.9999766255096194,1360.303382,0
83,0.4,mnist,45,0.77,1.0,0.76,,1400,100,3500,0.9999766255096194,1349.585852,0
84,0.4,mnist,46,0.795,1.0,0.755,,1400,100,3500,0.9999766255096194,1347.938494,0
85,0.4,fmnist,42,0.535,0.99875,0.595,,1400,100,3500,0.9999766255096194,1286.381593,0
86,0.4,fmnist,43,0.61,0.99625,0.625,,1400,100,3500,0.9999766255096194,1323.403095,0
87,0.4,fmnist,44,0.61,0.9975,0.65,,1400,100,3500,0.9999766255096194,1319.217738,0
88,0.4,fmnist,45,0.625,0.99375,0.59,,1400,100,3500,0.9999766255096194,1383.934404,0
89,0.4,fmnist,46,0.6,0.99375,0.63,,1400,100,3500,0.9999766255096194,1283.245839,0
90,0.4,kmnist,42,0.58,0.99875,0.565,,1400,100,3500,0.9999766255096194,1190.566089,0
91,0.4,kmnist,43,0.505,0.9975,0.52,,1400,100,3500,0.9999766255096194,1287.603174,0
92,0.4,kmnist,44,0.555,0.99375,0.555,,1400,100,3500,0.9999766255096194,1266.3558,0
93,0.4,kmnist,45,0.56,1.0,0.56,,1400,100,3500,0.9999766255096194,1208.663793,0
94,0.4,kmnist,46,0.57,0.9975,0.525,,1400,100,3500,0.9999766255096194,1260.812982,0
95,0.4,notmnist,42,0.675,1.0,0.74,,1400,100,3500,0.9999766255096194,1503.438098,0
96,0.4,notmnist,43,0.715,1.0,0.68,,1400,100,3500,0.9999766255096194,1480.223002,0
97,0.4,notmnist,44,0.73,1.0,0.7,,1400,100,3500,0.9999766255096194,1475.878887,0
98,0.4,notmnist,45,0.66,1.0,0.675,,1400,100,3500,0.9999766255096194,1466.10661,0
99,0.4,notmnist,46,0.715,1.0,0.655,,1400,100,3500,0.9999766255096194,1476.853503,0
100,0.5,mnist,42,0.78,1.0,0.73,,1750,100,3500,0.9999813003639858,1474.376415,0
101,0.5,mnist,43,0.745,1.0,0.745,,1750,100,3500,0.9999813003639858,1486.157944,0
102,0.5,mnist,44,0.755,1.0,0.73,,1750,100,3500,0.9999813003639858,1624.902876,0
103,0.5,mnist,45,0.765,1.0,0.73,,1750,100,3500,0.9999813003639858,1541.632644,0
104,0.5,mnist,46,0.8,1.0,0.745,,1750,100,3500,0.9999813003639858,1572.949194,0
105,0.5,fmnist,42,0.615,0.995,0.57,,1750,100,3500,0.9999813003639858,1557.103376,0
106,0.5,fmnist,43,0.665,0.99625,0.68,,1750,100,3500,0.9999813003639858,1569.430027,0
107,0.5,fmnist,44,0.635,0.9975,0.64,,1750,100,3500,0.9999813003639858,1621.850278,0
108,0.5,fmnist,45,0.625,0.9975,0.565,,1750,100,3500,0.9999813003639858,1456.215318,0
109,0.5,fmnist,46,0.655,0.995,0.585,,1750,100,3500,0.9999813003639858,1570.000479,0
110,0.5,kmnist,42,0.565,1.0,0.52,,1750,100,3500,0.9999813003639858,1566.909039,0
111,0.5,kmnist,43,0.575,1.0,0.495,,1750,100,3500,0.9999813003639858,1571.094639,0
112,0.5,kmnist,44,0.535,1.0,0.535,,1750,100,3500,0.9999813003639858,1499.547057,0
113,0.5,kmnist,45,0.49,1.0,0.57,,1750,100,3500,0.9999813003639858,1521.070132,0
114,0.5,kmnist,46,0.465,1.0,0.49,,1750,100,3500,0.9999813003639858,1417.051541,0
115,0.5,notmnist,42,0.72,1.0,0.735,,1750,100,3500,0.9999813003639858,1614.029687,0
116,0.5,notmnist,43,0.705,1.0,0.735,,1750,100,3500,0.9999813003639858,1555.961955,0
117,0.5,notmnist,44,0.665,1.0,0.72,,1750,100,3500,0.9999813003639858,1606.718779,0
118,0.5,notmnist,45,0.68,1.0,0.67,,1750,100,3500,0.9999813003639858,1629.084706,0
119,0.5,notmnist,46,0.69,1.0,0.675,,1750,100,3500,0.9999813003639858,1653.84407,0
120,0.6,mnist,42,0.755,1.0,0.745,,2100,100,3500,0.999984416945705,1739.488241,0
121,0.6,mnist,43,0.755,1.0,0.74,,2100,100,3500,0.999984416945705,1761.195437,0
122,0.6,mnist,44,0.77,1.0,0.795,,2100,100,3500,0.999984416945705,1573.878747,0
123,0.6,mnist,45,0.76,1.0,0.8,,2100,100,3500,0.999984416945705,1713.286975,0
124,0.6,mnist,46,0.73,1.0,0.75,,2100,100,3500,0.999984416945705,1810.361513,0
125,0.6,fmnist,42,0.66,1.0,0.605,,2100,100,3500,0.999984416945705,1738.987639,0
126,0.6,fmnist,43,0.625,1.0,0.615,,2100,100,3500,0.999984416945705,1817.091913,0
127,0.6,fmnist,44,0.57,0.99875,0.595,,2100,100,3500,0.999984416945705,1611.542985,0
128,0.6,fmnist,45,0.525,0.99375,0.605,,2100,100,3500,0.999984416945705,1776.288563,0
129,0.6,fmnist,46,0.625,0.995,0.585,,2100,100,3500,0.999984416945705,1798.615536,0
130,0.6,kmnist,42,0.54,0.9975,0.51,,2100,100,3500,0.999984416945705,1790.788271,0
131,0.6,kmnist,43,0.54,1.0,0.515,,2100,100,3500,0.999984416945705,1787.734159,0
132,0.6,kmnist,44,0.56,0.995,0.595,,2100,100,3500,0.999984416945705,1669.935469,0
133,0.6,kmnist,45,0.49,1.0,0.54,,2100,100,3500,0.999984416945705,1762.600975,0
134,0.6,kmnist,46,0.525,0.9975,0.57,,2100,100,3500,0.999984416945705,1757.70744,0
135,0.6,notmnist,42,0.715,1.0,0.715,,2100,100,3500,0.999984416945705,1568.979305,0
136,0.6,notmnist,43,0.7,1.0,0.71,,2100,100,3500,0.999984416945705,1610.310387,0
137,0.6,notmnist,44,0.675,1.0,0.695,,2100,100,3500,0.999984416945705,1811.993246,0
138,0.6,notmnist,45,0.67,1.0,0.68,,2100,100,3500,0.999984416945705,1795.884545,0
139,0.6,notmnist,46,0.74,1.0,0.685,,2100,100,3500,0.999984416945705,1808.532211,0
140,0.7,mnist,42,0.795,1.0,0.725,,2450,100,3500,0.9999866430814511,1901.575814,0
141,0.7,mnist,43,0.745,1.0,0.785,,2450,100,3500,0.9999866430814511,1967.780868,0
142,0.7,mnist,44,0.74,1.0,0.775,,2450,100,3500,0.9999866430814511,1769.540642,0
143,0.7,mnist,45,0.785,1.0,0.755,,2450,100,3500,0.9999866430814511,1776.709474,0
144,0.7,mnist,46,0.805,1.0,0.78,,2450,100,3500,0.9999866430814511,1831.075996,0
145,0.7,fmnist,42,0.59,0.9975,0.575,,2450,100,3500,0.9999866430814511,1906.143954,0
146,0.7,fmnist,43,0.63,0.9975,0.625,,2450,100,3500,0.9999866430814511,1953.461896,0
147,0.7,fmnist,44,0.545,0.99,0.625,,2450,100,3500,0.9999866430814511,1970.66842,0
148,0.7,fmnist,45,0.57,0.99875,0.605,,2450,100,3500,0.9999866430814511,2019.589033,0
149,0.7,fmnist,46,0.655,0.99625,0.59,,2450,100,3500,0.9999866430814511,1928.461507,0
150,0.7,kmnist,42,0.55,0.99875,0.535,,2450,100,3500,0.9999866430814511,1885.334155,0
151,0.7,kmnist,43,0.58,1.0,0.495,,2450,100,3500,0.9999866430814511,1909.049834,0
152,0.7,kmnist,44,0.6,0.9975,0.57,,2450,100,3500,0.9999866430814511,1846.545384,0
153,0.7,kmnist,45,0.54,1.0,0.54,,2450,100,3500,0.9999866430814511,1864.693224,0
154,0.7,kmnist,46,0.56,0.9975,0.555,,2450,100,3500,0.9999866430814511,1802.706025,0
155,0.7,notmnist,42,0.67,1.0,0.745,,2450,100,3500,0.9999866430814511,1854.020426,0
156,0.7,notmnist,43,0.725,1.0,0.685,,2450,100,3500,0.9999866430814511,1946.438976,0
157,0.7,notmnist,44,0.705,1.0,0.68,,2450,100,3500,0.9999866430814511,2173.59353,0
158,0.7,notmnist,45,0.695,1.0,0.715,,2450,100,3500,0.9999866430814511,2056.553854,0
159,0.7,notmnist,46,0.7,1.0,0.665,,2450,100,3500,0.9999866430814511,2090.897296,0
160,0.8,mnist,42,0.77,1.0,0.75,,2800,100,3500,0.9999883126865131,2166.158041,0
161,0.8,mnist,43,0.815,1.0,0.725,,2800,100,3500,0.9999883126865131,2162.099405,0
162,0.8,mnist,44,0.785,1.0,0.755,,2800,100,3500,0.9999883126865131,2198.741652,0
163,0.8,mnist,45,0.76,1.0,0.775,,2800,100,3500,0.9999883126865131,2086.977037,0
164,0.8,mnist,46,0.785,1.0,0.775,,2800,100,3500,0.9999883126865131,2053.478109,0
165,0.8,fmnist,42,0.595,0.9975,0.6,,2800,100,3500,0.9999883126865131,2012.930659,0
166,0.8,fmnist,43,0.655,1.0,0.655,,2800,100,3500,0.9999883126865131,2076.859166,0
167,0.8,fmnist,44,0.585,0.9975,0.62,,2800,100,3500,0.9999883126865131,2092.486015,0
168,0.8,fmnist,45,0.58,0.9975,0.605,,2800,100,3500,0.9999883126865131,2080.04635,0
169,0.8,fmnist,46,0.625,0.9975,0.65,,2800,100,3500,0.9999883126865131,2065.948353,0
170,0.8,kmnist,42,0.56,1.0,0.56,,2800,100,3500,0.9999883126865131,2114.386337,0
171,0.8,kmnist,43,0.535,0.9925,0.455,,2800,100,3500,0.9999883126865131,2181.939099,0
172,0.8,kmnist,44,0.54,0.995,0.515,,2800,100,3500,0.9999883126865131,2082.303478,0
173,0.8,kmnist,45,0.555,0.99875,0.52,,2800,100,3500,0.9999883126865131,2079.44774,0
174,0.8,kmnist,46,0.53,0.99375,0.52,,2800,100,3500,0.9999883126865131,2069.260229,0
175,0.8,notmnist,42,0.68,1.0,0.735,,2800,100,3500,0.9999883126865131,2254.499017,0
176,0.8,notmnist,43,0.715,1.0,0.7,,2800,100,3500,0.9999883126865131,2034.307724,0
177,0.8,notmnist,44,0.645,1.0,0.67,,2800,100,3500,0.9999883126865131,2230.826996,0
178,0.8,notmnist,45,0.665,1.0,0.66,,2800,100,3500,0.9999883126865131,2192.31542,0
179,0.8,notmnist,46,0.69,1.0,0.635,,2800,100,3500,0.9999883126865131,2229.378074,0
180,0.9,mnist,42,0.74,1.0,0.71,,3150,100,3500,0.9999896112701552,2308.811854,0
181,0.9,mnist,43,0.805,1.0,0.715,,3150,100,3500,0.9999896112701552,2390.933705,0
182,0.9,mnist,44,0.765,1.0,0.745,,3150,100,3500,0.9999896112701552,2367.714358,0
183,0.9,mnist,45,0.745,1.0,0.77,,3150,100,3500,0.9999896112701552,2324.319172,0
184,0.9,mnist,46,0.8,1.0,0.755,,3150,100,3500,0.9999896112701552,2217.887157,0
185,0.9,fmnist,42,0.605,1.0,0.64,,3150,100,3500,0.9999896112701552,2478.433465,0
186,0.9,fmnist,43,0.655,0.99625,0.64,,3150,100,3500,0.9999896112701552,2467.010361,0
187,0.9,fmnist,44,0.545,0.98625,0.595,,3150,100,3500,0.9999896112701552,2346.573483,0
188,0.9,fmnist,45,0.645,0.9975,0.59,,3150,100,3500,0.9999896112701552,2306.738345,0
189,0.9,fmnist,46,0.605,0.98375,0.615,,3150,100,3500,0.9999896112701552,2304.746255,0
190,0.9,kmnist,42,0.555,0.9975,0.515,,3150,100,3500,0.9999896112701552,2260.17064,0
191,0.9,kmnist,43,0.555,0.9975,0.51,,3150,100,3500,0.9999896112701552,2361.353666,0
192,0.9,kmnist,44,0.57,1.0,0.645,,3150,100,3500,0.9999896112701552,2295.083751,0
193,0.9,kmnist,45,0.555,1.0,0.51,,3150,100,3500,0.9999896112701552,2210.995638,0
194,0.9,kmnist,46,0.53,0.99875,0.59,,3150,100,3500,0.9999896112701552,2216.561846,0
195,0.9,notmnist,42,0.695,1.0,0.69,,3150,100,3500,0.9999896112701552,2310.829905,0
196,0.9,notmnist,43,0.73,1.0,0.68,,3150,100,3500,0.9999896112701552,2353.171909,0
197,0.9,notmnist,44,0.67,1.0,0.61,,3150,100,3500,0.9999896112701552,2325.752609,0
198,0.9,notmnist,45,0.695,1.0,0.645,,3150,100,3500,0.9999896112701552,2494.153987,0
199,0.9,notmnist,46,0.735,1.0,0.63,,3150,100,3500,0.9999896112701552,2482.657453,0
200,1.0,mnist,42,0.8,0.99875,0.76,,3500,100,3500,0.9999906501382829,2481.998914,0
201,1.0,mnist,43,0.785,1.0,0.755,,3500,100,3500,0.9999906501382829,2472.298819,0
202,1.0,mnist,44,0.755,1.0,0.76,,3500,100,3500,0.9999906501382829,2520.125165,0
203,1.0,mnist,45,0.77,1.0,0.73,,3500,100,3500,0.9999906501382829,2615.314385,0
204,1.0,mnist,46,0.785,1.0,0.74,,3500,100,3500,0.9999906501382829,2431.035024,0
205,1.0,fmnist,42,0.58,1.0,0.625,,3500,100,3500,0.9999906501382829,2430.133803,0
206,1.0,fmnist,43,0.67,0.99875,0.65,,3500,100,3500,0.9999906501382829,2360.540174,0
207,1.0,fmnist,44,0.545,0.995,0.645,,3500,100,3500,0.9999906501382829,2324.716095,0
208,1.0,fmnist,45,0.58,1.0,0.605,,3500,100,3500,0.9999906501382829,2326.36673,0
209,1.0,fmnist,46,0.605,0.9875,0.595,,3500,100,3500,0.9999906501382829,2269.404307,0
210,1.0,kmnist,42,0.56,0.99875,0.515,,3500,100,3500,0.9999906501382829,2258.124019,0
211,1.0,kmnist,43,0.53,0.99125,0.47,,3500,100,3500,0.9999906501382829,2148.894981,0
212,1.0,kmnist,44,0.54,0.9975,0.575,,3500,100,3500,0.9999906501382829,2187.195029,0
213,1.0,kmnist,45,0.585,1.0,0.545,,3500,100,3500,0.9999906501382829,2058.088474,0
214,1.0,kmnist,46,0.505,0.99625,0.565,,3500,100,3500,0.9999906501382829,2055.5293,0
215,1.0,notmnist,42,0.63,1.0,0.73,,3500,100,3500,0.9999906501382829,1925.77772,0
216,1.0,notmnist,43,0.615,1.0,0.69,,3500,100,3500,0.9999906501382829,1871.933042,0
217,1.0,notmnist,44,0.66,1.0,0.685,,3500,100,3500,0.9999906501382829,1881.70427,0
218,1.0,notmnist,45,0.675,1.0,0.63,,3500,100,3500,0.9999906501382829,1835.333812,0
219,1.0,notmnist,46,0.735,1.0,0.625,,3500,100,3500,0.9999906501382829,1746.172202,0
